MILLLKQKCGKRWARVRLVSW,0.922884,20
MYYTNKCRQNSVPAAAA,0.996706,28
MRQEMACVRLVSW,1,55
MNLAGKGGLCICFRFLMSPRPIS,0.564942,38
MEAILTQPCRVQE,1,188
MQLYRKVLVAKDLSL,0.967685,1
MTKYGNGVRNLTGKFSGTWERFFKA,0.683356,1
MKAFWLLKLCRLERNLEDRK,0.563153,2
MQRRRRRRREYYG,0.984714,1
MDRRVRRIRGPILRVAPKKFFRKW,0.919332,1
MKCIAWYIWKAAFCRT,0.793245,6
MTALWVGKLTFVTGVKNG,0.780433,1
MAPFHLGVKGGLCICFRFGMSPRFIR,0.578276,4
MKAFGRNLCQWGRKLTLC,0.993227,1
MGKVKVKGRVTGYVYRFYV,0.860543,1
MTALWVGKLLLLWEVK,0.779023,3
MGCKLLLLGNKKVTCT,0.543409,1
MGLFAKGAIRLWEWACRSY,0.784531,1
MQRRRVGEDGLV,1,5
MDRGSERKVPTLV,1,3
MGMRDIKLVGKVTAYQGDDV,0.939921,1
MTALWVGKLTFIRGSKKVNV,0.757754,1
MVRLNLLLLRKVKK,0.514305,6
MGRGSERNGPPHWY,1,4
MRVERSAPKDPFGVI,0.999999,1
MQVEGQHRSSLLLLIGDRRTGA,1,3
MSSPGGDLRERKGIYFGIGWARI,0.852232,1
MDCKLLLLREAIKCYA,0.532014,2
MTALLGLVKLAFTWGK,0.689854,1
MNPLWELASRWGKGLT,0.570124,1
MTALWVGKLLLLGEVRKR,0.568082,1
MTALLGWLNLLFIKGK,0.603932,6
MRRRRPPRRSSSS,0.52049,2
MTALWVGKLLFIMGIK,0.510357,1
MQVYLILRVKVTDG,0.998252,2
MTALRVVNFFCTRVKRGCPLLQV,0.763586,2
MPRAGRRLYRVVNCF,0.587061,2
MTALWVRKLLLYGNK,0.67049,2
MQQCRVGKESKVFGFS,1,2
MRWTRGLLASWWGNGHQGDDG,1,4
MQVYLILRAKVADG,0.999384,4
MTALWVGKLLLLRG,0.580463,4
MYPMNKHRSNSVPAAAA,0.784118,2
MKAFGRKLLYKREI,0.501982,2
MNLAGKGAVCICFRFLMSPRPIS,0.592878,2
MAIFVKIIGCRWRCVP,0.551034,6
MGSICLKYLPVRR,1,2
MRILLRIIRCRWRCVPIGSW,0.914474,2
MRILLRIIRCRWRCVHSSVGNGVT,0.626375,2
MIYRGRMALVSRFIAERWASRLIS,1,2
MTALWLVTLLLLGVIKKTLT,0.690894,2
MLYRILLTGRPDLVIERL,1,2
MRREGRRFTVV,1,2
MTALLGWLNLLLLREVK,0.542591,4
MTALLGWLNLLLLMGK,0.555391,2
MTALWVGKLTFIKGIIRRDVS,0.525956,2
MTALLGWLNLLLLRVRK,0.768355,2
MTALLGWLNLLLLKGK,0.648647,2
MAIFVKIIGCRWAMRSIR,0.701702,2
MTALLGWLNLLLLGEGRKR,0.629536,2
MFVRYRPRGRTPAG,1,2
MTALWVGKLTFIKGK,0.738182,2
MTALRVRKRSFCYG,0.935848,2
MSWDECRYRLGSSV,1,2
MGISEVRRTFCYVPYE,1,2
MNASGGLNTCKSRGSTIFGLVATGARVRNAYVTYP,0.99994,2
MQRRRVIVRSNFGM,0.697635,2
MTALWISKLTFVTRR,0.504694,1
MTALWVGKLTFIRGSKKS,0.567128,3
MAIFVKDLFGCRWACVP,0.55694,2
MAIFVKDLFGCRWAMRSIR,0.627131,2
MTALWVVKLTFIKGK,0.74968,2
MIYRGRMALVSKYLSLERVGSRLY,1,2
MTALWVGKLLLLCRITTTEVT,0.591913,2
MGCKLLLYGNKVKVRVPFCIVPYE,0.668845,2
MLKLWCLRWHALISWL,0.916546,2
MSRPSRLILVGSG,0.998348,2
MKASVVTVLSRGRSSMVVT,1,3
MRHEMGVRPIVSW,1,2
